id,original_dataset,original_id,original_question,original_answer,key_time,original_gold_evidence,question,exact_time,time_specifier,date_type,answer,gold_evidence_1,gold_evidence_2
1,situatedqa,,when was the last time the dodgers played yankees in the world series as of 1991,1981,1981,"The Yankees won eight of those eleven contests, although the Dodgers defeated the Yankees in their last World Series matchup in 1981.","When was the time the Dodgers played the Yankees in the World Series?
",0,,,1981,"In 1998, the Yankees celebrated the 20th anniversary of the 1977, 1978 and 1981 World Series that they played against the Los Angeles Dodgers, and invited some members of those Dodger teams.",
2,situatedqa,,when was the last time the dodgers played yankees in the world series as of 1991,1981,1981,"The Yankees won eight of those eleven contests, although the Dodgers defeated the Yankees in their last World Series matchup in 1981.","When was the last time the Dodgers played the Yankees in the World Series as of 1981?
",1,as of,short,1981,"In 1998, the Yankees celebrated the 20th anniversary of the 1977, 1978 and 1981 World Series that they played against the Los Angeles Dodgers, and invited some members of those Dodger teams.","although the Yankees subsequently met and beat the now-San Francisco Giants in 1962, and played the now-Los Angeles Dodgers four times, losing to them in a four-game sweep in 1963, beating them back-to-back in 1977 and 1978 and losing to them in 1981"
3,situatedqa,,when was the last time the dodgers played yankees in the world series as of 1991,1981,1981,"The Yankees won eight of those eleven contests, although the Dodgers defeated the Yankees in their last World Series matchup in 1981.","When was the last time the Dodgers played the Yankees in the World Series as of 1991?
",0,as of,short,1981,"In 1998, the Yankees celebrated the 20th anniversary of the 1977, 1978 and 1981 World Series that they played against the Los Angeles Dodgers, and invited some members of those Dodger teams.","although the Yankees subsequently met and beat the now-San Francisco Giants in 1962, and played the now-Los Angeles Dodgers four times, losing to them in a four-game sweep in 1963, beating them back-to-back in 1977 and 1978 and losing to them in 1982"
4,situatedqa,,when was the last time the dodgers played yankees in the world series as of 1991,1981,1981,"The Yankees won eight of those eleven contests, although the Dodgers defeated the Yankees in their last World Series matchup in 1981.","When was the last time the Dodgers played the Yankees in the World Series before October 2, 2008?
",0,before,long,1981,"In 1998, the Yankees celebrated the 20th anniversary of the 1977, 1978 and 1981 World Series that they played against the Los Angeles Dodgers, and invited some members of those Dodger teams.","although the Yankees subsequently met and beat the now-San Francisco Giants in 1962, and played the now-Los Angeles Dodgers four times, losing to them in a four-game sweep in 1963, beating them back-to-back in 1977 and 1978 and losing to them in 1983"
5,situatedqa,,when was the last time the dodgers played yankees in the world series as of 1991,1981,1981,"The Yankees won eight of those eleven contests, although the Dodgers defeated the Yankees in their last World Series matchup in 1981.","When was the last time the Dodgers played the Yankees in the World Series between 1979 and
1999?",0,between,short,1981,"In 1998, the Yankees celebrated the 20th anniversary of the 1977, 1978 and 1981 World Series that they played against the Los Angeles Dodgers, and invited some members of those Dodger teams.","although the Yankees subsequently met and beat the now-San Francisco Giants in 1962, and played the now-Los Angeles Dodgers four times, losing to them in a four-game sweep in 1963, beating them back-to-back in 1977 and 1978 and losing to them in 1984"
6,situatedqa,,when was the last time the dodgers played yankees in the world series as of 1991,1981,1981,"The Yankees won eight of those eleven contests, although the Dodgers defeated the Yankees in their last World Series matchup in 1981.",When was the last time the Dodgers played the Yankees in the World Series after 1978?,0,after,short,1981,"In 1998, the Yankees celebrated the 20th anniversary of the 1977, 1978 and 1981 World Series that they played against the Los Angeles Dodgers, and invited some members of those Dodger teams.","although the Yankees subsequently met and beat the now-San Francisco Giants in 1962, and played the now-Los Angeles Dodgers four times, losing to them in a four-game sweep in 1963, beating them back-to-back in 1977 and 1978 and losing to them in 1985"
7,situatedqa,,when was the last time the dodgers played yankees in the world series as of 1991,1981,1981,"The Yankees won eight of those eleven contests, although the Dodgers defeated the Yankees in their last World Series matchup in 1981.","When was the last time the Dodgers played the Yankees in the World Series between August 21, 1979 and September 16, 1999?",0,between,long,1981,"In 1998, the Yankees celebrated the 20th anniversary of the 1977, 1978 and 1981 World Series that they played against the Los Angeles Dodgers, and invited some members of those Dodger teams.","although the Yankees subsequently met and beat the now-San Francisco Giants in 1962, and played the now-Los Angeles Dodgers four times, losing to them in a four-game sweep in 1963, beating them back-to-back in 1977 and 1978 and losing to them in 1986"
8,situatedqa,,most home runs by 2 teammates in a season as of 1988,Maris and Mantle,1961,"They gained prominence during the 1961 season, when Maris and Mantle, batting third and cleanup (fourth) in the Yankee lineup respectively, both challenged Babe Ruth's 34-year-old single-season record of 60 home runs. The home run lead would change hands between the two teammates numerous times throughout the summer and fueled intense scrutiny of the players by the press. Maris eventually broke the record when he hit his 61st home run on the final day of the season, while Mantle hit 54 before he was forced to pull out of the lineup in September because of an abscessed hip. Maris' record stood for 37 years until it was broken by Mark McGwire in. The duo, however, still hold the single-season record for combined home runs by a pair of teammates with 115.",Most home runs by 2 teammates in a season.,0,,,Maris and Mantle | Mantle and Maris | M&M Boys | Mickey Mantle and Roger Maris | Roger Maris and Mickey Mantle,"During their record-breaking season of 1961, the M&M Boys became the only teammates to join the 50 home run club in the same season, hitting a combined 115 home runs to break the single-season record for home runs by a pair of teammates.",
9,situatedqa,,most home runs by 2 teammates in a season as of 1988,Maris and Mantle,1961,"They gained prominence during the 1961 season, when Maris and Mantle, batting third and cleanup (fourth) in the Yankee lineup respectively, both challenged Babe Ruth's 34-year-old single-season record of 60 home runs. The home run lead would change hands between the two teammates numerous times throughout the summer and fueled intense scrutiny of the players by the press. Maris eventually broke the record when he hit his 61st home run on the final day of the season, while Mantle hit 54 before he was forced to pull out of the lineup in September because of an abscessed hip. Maris' record stood for 37 years until it was broken by Mark McGwire in. The duo, however, still hold the single-season record for combined home runs by a pair of teammates with 115.",Most home runs by 2 teammates in a season as of 1961.,1,as of,short,Maris and Mantle | Mantle and Maris | M&M Boys | Mickey Mantle and Roger Maris | Roger Maris and Mickey Mantle,"During their record-breaking season of 1961, the M&M Boys became the only teammates to join the 50 home run club in the same season, hitting a combined 115 home runs to break the single-season record for home runs by a pair of teammates.",
10,situatedqa,,most home runs by 2 teammates in a season as of 1988,Maris and Mantle,1961,"They gained prominence during the 1961 season, when Maris and Mantle, batting third and cleanup (fourth) in the Yankee lineup respectively, both challenged Babe Ruth's 34-year-old single-season record of 60 home runs. The home run lead would change hands between the two teammates numerous times throughout the summer and fueled intense scrutiny of the players by the press. Maris eventually broke the record when he hit his 61st home run on the final day of the season, while Mantle hit 54 before he was forced to pull out of the lineup in September because of an abscessed hip. Maris' record stood for 37 years until it was broken by Mark McGwire in. The duo, however, still hold the single-season record for combined home runs by a pair of teammates with 115.",Most home runs by 2 teammates in a season as of 1988.,0,as of,short,Maris and Mantle | Mantle and Maris | M&M Boys | Mickey Mantle and Roger Maris | Roger Maris and Mickey Mantle,"During their record-breaking season of 1961, the M&M Boys became the only teammates to join the 50 home run club in the same season, hitting a combined 115 home runs to break the single-season record for home runs by a pair of teammates.",
11,situatedqa,,most home runs by 2 teammates in a season as of 1988,Maris and Mantle,1961,"They gained prominence during the 1961 season, when Maris and Mantle, batting third and cleanup (fourth) in the Yankee lineup respectively, both challenged Babe Ruth's 34-year-old single-season record of 60 home runs. The home run lead would change hands between the two teammates numerous times throughout the summer and fueled intense scrutiny of the players by the press. Maris eventually broke the record when he hit his 61st home run on the final day of the season, while Mantle hit 54 before he was forced to pull out of the lineup in September because of an abscessed hip. Maris' record stood for 37 years until it was broken by Mark McGwire in. The duo, however, still hold the single-season record for combined home runs by a pair of teammates with 115.",Most home runs by 2 teammates in a season before 1988.,0,before,short,Maris and Mantle | Mantle and Maris | M&M Boys | Mickey Mantle and Roger Maris | Roger Maris and Mickey Mantle,"During their record-breaking season of 1961, the M&M Boys became the only teammates to join the 50 home run club in the same season, hitting a combined 115 home runs to break the single-season record for home runs by a pair of teammates.",
12,situatedqa,,most home runs by 2 teammates in a season as of 1988,Maris and Mantle,1961,"They gained prominence during the 1961 season, when Maris and Mantle, batting third and cleanup (fourth) in the Yankee lineup respectively, both challenged Babe Ruth's 34-year-old single-season record of 60 home runs. The home run lead would change hands between the two teammates numerous times throughout the summer and fueled intense scrutiny of the players by the press. Maris eventually broke the record when he hit his 61st home run on the final day of the season, while Mantle hit 54 before he was forced to pull out of the lineup in September because of an abscessed hip. Maris' record stood for 37 years until it was broken by Mark McGwire in. The duo, however, still hold the single-season record for combined home runs by a pair of teammates with 115.","Most home runs by 2 teammates in a season between October 1956 and May 26, 1993.",0,between,long,Maris and Mantle | Mantle and Maris | M&M Boys | Mickey Mantle and Roger Maris | Roger Maris and Mickey Mantle,"During their record-breaking season of 1961, the M&M Boys became the only teammates to join the 50 home run club in the same season, hitting a combined 115 home runs to break the single-season record for home runs by a pair of teammates.",
13,situatedqa,,most home runs by 2 teammates in a season as of 1988,Maris and Mantle,1961,"They gained prominence during the 1961 season, when Maris and Mantle, batting third and cleanup (fourth) in the Yankee lineup respectively, both challenged Babe Ruth's 34-year-old single-season record of 60 home runs. The home run lead would change hands between the two teammates numerous times throughout the summer and fueled intense scrutiny of the players by the press. Maris eventually broke the record when he hit his 61st home run on the final day of the season, while Mantle hit 54 before he was forced to pull out of the lineup in September because of an abscessed hip. Maris' record stood for 37 years until it was broken by Mark McGwire in. The duo, however, still hold the single-season record for combined home runs by a pair of teammates with 115.",Most home runs by 2 teammates in a season before 1992.,0,as of,short,Maris and Mantle | Mantle and Maris | M&M Boys | Mickey Mantle and Roger Maris | Roger Maris and Mickey Mantle,"During their record-breaking season of 1961, the M&M Boys became the only teammates to join the 50 home run club in the same season, hitting a combined 115 home runs to break the single-season record for home runs by a pair of teammates.",
14,situatedqa,,most home runs by 2 teammates in a season as of 1988,Maris and Mantle,1961,"They gained prominence during the 1961 season, when Maris and Mantle, batting third and cleanup (fourth) in the Yankee lineup respectively, both challenged Babe Ruth's 34-year-old single-season record of 60 home runs. The home run lead would change hands between the two teammates numerous times throughout the summer and fueled intense scrutiny of the players by the press. Maris eventually broke the record when he hit his 61st home run on the final day of the season, while Mantle hit 54 before he was forced to pull out of the lineup in September because of an abscessed hip. Maris' record stood for 37 years until it was broken by Mark McGwire in. The duo, however, still hold the single-season record for combined home runs by a pair of teammates with 115.","Most home runs by 2 teammates in a season by August 17, 1992.",0,by,long,Maris and Mantle | Mantle and Maris | M&M Boys | Mickey Mantle and Roger Maris | Roger Maris and Mickey Mantle,"During their record-breaking season of 1961, the M&M Boys became the only teammates to join the 50 home run club in the same season, hitting a combined 115 home runs to break the single-season record for home runs by a pair of teammates.",
15,situatedqa,,"when was the last time dallas cowboys won the super bowl as of August 02, 1995","January 30, 1994","January 30, 1994","Super Bowl XXVIII was an American football game between the National Football Conference (NFC) champion Dallas Cowboys and the American Football Conference (AFC) champion Buffalo Bills to decide the National Football League (NFL) champion for the 1993 season. The Cowboys defeated the Bills, for the second straight year, by a score of 30–13, winning their fourth Super Bowl in team history, tying the Pittsburgh Steelers and the San Francisco 49ers for most Super Bowl wins. The Buffalo Bills became the only team to both play and lose four consecutive Super Bowls (XXV, XXVI, XXVII, XXVIII) for a 0-4 franchise Super Bowl record, and as of 2023, remains the team's most recent Super Bowl appearance. This is also the most recent consecutive Super Bowl rematch. The game was played on January 30, 1994, at the Georgia Dome in Atlanta. ",For which NFL season did the Dallas Cowboys win Super Bowl?,0,,,1993,"The years shown below refer to the season, not the date that the Super Bowl was actually played. The Pittsburgh Steelers (1974, 1975, 1978, 1979, 2005, 2008) are tied with the New England Patriots (2001, 2003, 2004, 2014, 2016, 2018) with six Vince Lombardi Trophies. The Dallas Cowboys (1971, 1977, 1992, 1993, 1995) and the San Francisco 49ers (1981, 1984, 1988, 1989, 1994) are tied for third with 5 each.","These uniforms celebrated the Cowboys' most recent back-to-back Super Bowl titles in the 1992 and 1993 seasons and were used in most of the Cowboys' remaining games of the season, including the playoffs."
16,situatedqa,,"when was the last time dallas cowboys won the super bowl as of August 02, 1995","January 30, 1994","January 30, 1994","Super Bowl XXVIII was an American football game between the National Football Conference (NFC) champion Dallas Cowboys and the American Football Conference (AFC) champion Buffalo Bills to decide the National Football League (NFL) champion for the 1993 season. The Cowboys defeated the Bills, for the second straight year, by a score of 30–13, winning their fourth Super Bowl in team history, tying the Pittsburgh Steelers and the San Francisco 49ers for most Super Bowl wins. The Buffalo Bills became the only team to both play and lose four consecutive Super Bowls (XXV, XXVI, XXVII, XXVIII) for a 0-4 franchise Super Bowl record, and as of 2023, remains the team's most recent Super Bowl appearance. This is also the most recent consecutive Super Bowl rematch. The game was played on January 30, 1994, at the Georgia Dome in Atlanta. ",For which NFL season did the Dallas Cowboys win their most recent Super Bowl as of 1994?,1,as of,long,1993,"The years shown below refer to the season, not the date that the Super Bowl was actually played. The Pittsburgh Steelers (1974, 1975, 1978, 1979, 2005, 2008) are tied with the New England Patriots (2001, 2003, 2004, 2014, 2016, 2018) with six Vince Lombardi Trophies. The Dallas Cowboys (1971, 1977, 1992, 1993, 1995) and the San Francisco 49ers (1981, 1984, 1988, 1989, 1994) are tied for third with 5 each.","These uniforms celebrated the Cowboys' most recent back-to-back Super Bowl titles in the 1992 and 1993 seasons and were used in most of the Cowboys' remaining games of the season, including the playoffs."
17,situatedqa,,"when was the last time dallas cowboys won the super bowl as of August 02, 1995","January 30, 1994","January 30, 1994","Super Bowl XXVIII was an American football game between the National Football Conference (NFC) champion Dallas Cowboys and the American Football Conference (AFC) champion Buffalo Bills to decide the National Football League (NFL) champion for the 1993 season. The Cowboys defeated the Bills, for the second straight year, by a score of 30–13, winning their fourth Super Bowl in team history, tying the Pittsburgh Steelers and the San Francisco 49ers for most Super Bowl wins. The Buffalo Bills became the only team to both play and lose four consecutive Super Bowls (XXV, XXVI, XXVII, XXVIII) for a 0-4 franchise Super Bowl record, and as of 2023, remains the team's most recent Super Bowl appearance. This is also the most recent consecutive Super Bowl rematch. The game was played on January 30, 1994, at the Georgia Dome in Atlanta. ","For which NFL season did the Dallas Cowboys win their most recent Super Bowl as of August 2, 1995?",0,as of,long,1993,"The years shown below refer to the season, not the date that the Super Bowl was actually played. The Pittsburgh Steelers (1974, 1975, 1978, 1979, 2005, 2008) are tied with the New England Patriots (2001, 2003, 2004, 2014, 2016, 2018) with six Vince Lombardi Trophies. The Dallas Cowboys (1971, 1977, 1992, 1993, 1995) and the San Francisco 49ers (1981, 1984, 1988, 1989, 1994) are tied for third with 5 each.","These uniforms celebrated the Cowboys' most recent back-to-back Super Bowl titles in the 1992 and 1993 seasons and were used in most of the Cowboys' remaining games of the season, including the playoffs."
18,situatedqa,,"when was the last time dallas cowboys won the super bowl as of August 02, 1995","January 30, 1994","January 30, 1994","Super Bowl XXVIII was an American football game between the National Football Conference (NFC) champion Dallas Cowboys and the American Football Conference (AFC) champion Buffalo Bills to decide the National Football League (NFL) champion for the 1993 season. The Cowboys defeated the Bills, for the second straight year, by a score of 30–13, winning their fourth Super Bowl in team history, tying the Pittsburgh Steelers and the San Francisco 49ers for most Super Bowl wins. The Buffalo Bills became the only team to both play and lose four consecutive Super Bowls (XXV, XXVI, XXVII, XXVIII) for a 0-4 franchise Super Bowl record, and as of 2023, remains the team's most recent Super Bowl appearance. This is also the most recent consecutive Super Bowl rematch. The game was played on January 30, 1994, at the Georgia Dome in Atlanta. ","For which NFL season did the Dallas Cowboys win their most recent Super Bowl before January 2, 1996?",0,before,long,1993,"The years shown below refer to the season, not the date that the Super Bowl was actually played. The Pittsburgh Steelers (1974, 1975, 1978, 1979, 2005, 2008) are tied with the New England Patriots (2001, 2003, 2004, 2014, 2016, 2018) with six Vince Lombardi Trophies. The Dallas Cowboys (1971, 1977, 1992, 1993, 1995) and the San Francisco 49ers (1981, 1984, 1988, 1989, 1994) are tied for third with 5 each.","These uniforms celebrated the Cowboys' most recent back-to-back Super Bowl titles in the 1992 and 1993 seasons and were used in most of the Cowboys' remaining games of the season, including the playoffs."
19,situatedqa,,"when was the last time dallas cowboys won the super bowl as of August 02, 1995","January 30, 1994","January 30, 1994","Super Bowl XXVIII was an American football game between the National Football Conference (NFC) champion Dallas Cowboys and the American Football Conference (AFC) champion Buffalo Bills to decide the National Football League (NFL) champion for the 1993 season. The Cowboys defeated the Bills, for the second straight year, by a score of 30–13, winning their fourth Super Bowl in team history, tying the Pittsburgh Steelers and the San Francisco 49ers for most Super Bowl wins. The Buffalo Bills became the only team to both play and lose four consecutive Super Bowls (XXV, XXVI, XXVII, XXVIII) for a 0-4 franchise Super Bowl record, and as of 2023, remains the team's most recent Super Bowl appearance. This is also the most recent consecutive Super Bowl rematch. The game was played on January 30, 1994, at the Georgia Dome in Atlanta. ",For which NFL season did the Dallas Cowboys win their most recent Super Bowl between 1994 and 1995?,0,between,short,1993,"The years shown below refer to the season, not the date that the Super Bowl was actually played. The Pittsburgh Steelers (1974, 1975, 1978, 1979, 2005, 2008) are tied with the New England Patriots (2001, 2003, 2004, 2014, 2016, 2018) with six Vince Lombardi Trophies. The Dallas Cowboys (1971, 1977, 1992, 1993, 1995) and the San Francisco 49ers (1981, 1984, 1988, 1989, 1994) are tied for third with 5 each.","These uniforms celebrated the Cowboys' most recent back-to-back Super Bowl titles in the 1992 and 1993 seasons and were used in most of the Cowboys' remaining games of the season, including the playoffs."
20,situatedqa,,"when was the last time dallas cowboys won the super bowl as of January 28, 1996","January 28, 1996","January 28, 1996",The 1995 Dallas Cowboys season was the franchise's 36th season in the National Football League and was the second year under head coach Barry Switzer and final of the three Super Bowl titles they would win during 1992 to 1995. ,"For which NFL season did the Dallas Cowboys win their most recent Super Bowl as of January 31, 2000?",0,as of,long,1995,"The first NFL team to win three Super Bowls in four years, with Super Bowl wins in the 1992, 1993, and 1995 seasons. ","Dallas Cowboys (XXX, 1995 season), Won"
21,situatedqa,,"when was the last time dallas cowboys won the super bowl as of January 28, 1996","January 28, 1996","January 28, 1996",The 1995 Dallas Cowboys season was the franchise's 36th season in the National Football League and was the second year under head coach Barry Switzer and final of the three Super Bowl titles they would win during 1992 to 1995. ,For which NFL season did the Dallas Cowboys win their most recent Super Bowl before 2007?,0,before,short,1995,"The first NFL team to win three Super Bowls in four years, with Super Bowl wins in the 1992, 1993, and 1995 seasons. ","Dallas Cowboys (XXX, 1995 season), Won"
22,situatedqa,,who won latest america's next top model as of 2021,Kyla Coleman,2018,"The winner of the competition was 20 year-old Kyla Coleman from Lacey, Washington with Jeana Turner placing as the runner-up.",Who won the America's Next Top Model?,0,,,Kyla Coleman,"The series first aired in 2003 and as of 2018, twenty-four cycles have aired A total of 311 different participants have been selected as finalists in the show in its fifteen years running, with twenty-four models (Adrianne Curry, Yoanna House, Eva Pigford, Naima Mora, Nicole Linkletter, Danielle Evans, CariDee English, Jaslene Gonzalez, Saleisha Stowers, Whitney Thompson, McKey Sullivan, Teyona Anderson, Nicole Fox, Krista White, Ann Ward, Brittani Kline, Lisa D'Amato, Sophie Sumner, Laura James, Jourdan Miller, Keith Carlos, Nyle DiMarco, India Gants, and Kyla Coleman) crowned",
23,situatedqa,,who won latest america's next top model as of 2021,Kyla Coleman,2018,"The winner of the competition was 20 year-old Kyla Coleman from Lacey, Washington with Jeana Turner placing as the runner-up.",Who won the latest America's Next Top Model as of 2018?,1,as of,short,Kyla Coleman,"The series first aired in 2003 and as of 2018, twenty-four cycles have aired A total of 311 different participants have been selected as finalists in the show in its fifteen years running, with twenty-four models (Adrianne Curry, Yoanna House, Eva Pigford, Naima Mora, Nicole Linkletter, Danielle Evans, CariDee English, Jaslene Gonzalez, Saleisha Stowers, Whitney Thompson, McKey Sullivan, Teyona Anderson, Nicole Fox, Krista White, Ann Ward, Brittani Kline, Lisa D'Amato, Sophie Sumner, Laura James, Jourdan Miller, Keith Carlos, Nyle DiMarco, India Gants, and Kyla Coleman) crowned",
24,situatedqa,,who won latest america's next top model as of 2021,Kyla Coleman,2018,"The winner of the competition was 20 year-old Kyla Coleman from Lacey, Washington with Jeana Turner placing as the runner-up.",Who won the latest America's Next Top Model as of 2021?,0,as of,short,Kyla Coleman,"The series first aired in 2003 and as of 2018, twenty-four cycles have aired A total of 311 different participants have been selected as finalists in the show in its fifteen years running, with twenty-four models (Adrianne Curry, Yoanna House, Eva Pigford, Naima Mora, Nicole Linkletter, Danielle Evans, CariDee English, Jaslene Gonzalez, Saleisha Stowers, Whitney Thompson, McKey Sullivan, Teyona Anderson, Nicole Fox, Krista White, Ann Ward, Brittani Kline, Lisa D'Amato, Sophie Sumner, Laura James, Jourdan Miller, Keith Carlos, Nyle DiMarco, India Gants, and Kyla Coleman) crowned",
25,situatedqa,,who won latest america's next top model as of 2021,Kyla Coleman,2018,"The winner of the competition was 20 year-old Kyla Coleman from Lacey, Washington with Jeana Turner placing as the runner-up.","Who won the latest America's Next Top Model by May 8, 2021?",0,by,long,Kyla Coleman,"The series first aired in 2003 and as of 2018, twenty-four cycles have aired A total of 311 different participants have been selected as finalists in the show in its fifteen years running, with twenty-four models (Adrianne Curry, Yoanna House, Eva Pigford, Naima Mora, Nicole Linkletter, Danielle Evans, CariDee English, Jaslene Gonzalez, Saleisha Stowers, Whitney Thompson, McKey Sullivan, Teyona Anderson, Nicole Fox, Krista White, Ann Ward, Brittani Kline, Lisa D'Amato, Sophie Sumner, Laura James, Jourdan Miller, Keith Carlos, Nyle DiMarco, India Gants, and Kyla Coleman) crowned",
26,situatedqa,,who won latest america's next top model as of 2021,Kyla Coleman,2018,"The winner of the competition was 20 year-old Kyla Coleman from Lacey, Washington with Jeana Turner placing as the runner-up.",Who won the latest America's Next Top Model before 2020?,0,before,short,Kyla Coleman,"The series first aired in 2003 and as of 2018, twenty-four cycles have aired A total of 311 different participants have been selected as finalists in the show in its fifteen years running, with twenty-four models (Adrianne Curry, Yoanna House, Eva Pigford, Naima Mora, Nicole Linkletter, Danielle Evans, CariDee English, Jaslene Gonzalez, Saleisha Stowers, Whitney Thompson, McKey Sullivan, Teyona Anderson, Nicole Fox, Krista White, Ann Ward, Brittani Kline, Lisa D'Amato, Sophie Sumner, Laura James, Jourdan Miller, Keith Carlos, Nyle DiMarco, India Gants, and Kyla Coleman) crowned",
27,situatedqa,,who won latest america's next top model as of 2021,Kyla Coleman,2018,"The winner of the competition was 20 year-old Kyla Coleman from Lacey, Washington with Jeana Turner placing as the runner-up.",Who won the latest America's Next Top Model between 2018 and 2021?,0,between,short,Kyla Coleman,"The series first aired in 2003 and as of 2018, twenty-four cycles have aired A total of 311 different participants have been selected as finalists in the show in its fifteen years running, with twenty-four models (Adrianne Curry, Yoanna House, Eva Pigford, Naima Mora, Nicole Linkletter, Danielle Evans, CariDee English, Jaslene Gonzalez, Saleisha Stowers, Whitney Thompson, McKey Sullivan, Teyona Anderson, Nicole Fox, Krista White, Ann Ward, Brittani Kline, Lisa D'Amato, Sophie Sumner, Laura James, Jourdan Miller, Keith Carlos, Nyle DiMarco, India Gants, and Kyla Coleman) crowned",
28,situatedqa,,who did dwight howard play for last year as of 2020,Los Angeles Laker,2019,"On August 26, 2019, Howard signed a $2.6 million veteran's minimum contract with the Los Angeles Lakers, reuniting him with his former team. He was replacing DeMarcus Cousins, a free agent signed earlier in the offseason who was lost for the year after suffering a knee injury. ","Which team did Dwight Howard play for?
",0,,,Los Angeles Lakers,"On August 26, 2019, Howard signed a $2.6 million veteran's minimum contract with the Los Angeles Lakers, reuniting him with his former team.",
29,situatedqa,,who did dwight howard play for last year as of 2020,Los Angeles Laker,2019,"On August 26, 2019, Howard signed a $2.6 million veteran's minimum contract with the Los Angeles Lakers, reuniting him with his former team. He was replacing DeMarcus Cousins, a free agent signed earlier in the offseason who was lost for the year after suffering a knee injury. ","Which team did Dwight Howard play for in 2019?
",1,in,short,Los Angeles Lakers,"On August 26, 2019, Howard signed a $2.6 million veteran's minimum contract with the Los Angeles Lakers, reuniting him with his former team.",
30,situatedqa,,who did dwight howard play for last year as of 2020,Los Angeles Laker,2019,"On August 26, 2019, Howard signed a $2.6 million veteran's minimum contract with the Los Angeles Lakers, reuniting him with his former team. He was replacing DeMarcus Cousins, a free agent signed earlier in the offseason who was lost for the year after suffering a knee injury. ","Which team did Dwight Howard play for as of 2020?
",0,as of,short,Los Angeles Lakers,"On August 26, 2019, Howard signed a $2.6 million veteran's minimum contract with the Los Angeles Lakers, reuniting him with his former team.",
31,situatedqa,,who did dwight howard play for last year as of 2020,Los Angeles Laker,2019,"On August 26, 2019, Howard signed a $2.6 million veteran's minimum contract with the Los Angeles Lakers, reuniting him with his former team. He was replacing DeMarcus Cousins, a free agent signed earlier in the offseason who was lost for the year after suffering a knee injury. ","Which team did Dwight Howard play before November 21, 2020?
",0,before,long,Los Angeles Lakers,"On August 26, 2019, Howard signed a $2.6 million veteran's minimum contract with the Los Angeles Lakers, reuniting him with his former team.",
32,situatedqa,,who did dwight howard play for last year as of 2020,Los Angeles Laker,2019,"On August 26, 2019, Howard signed a $2.6 million veteran's minimum contract with the Los Angeles Lakers, reuniting him with his former team. He was replacing DeMarcus Cousins, a free agent signed earlier in the offseason who was lost for the year after suffering a knee injury. ","Which team did Dwight Howard play before 2021?
",0,before,short,Los Angeles Lakers,"On August 26, 2019, Howard signed a $2.6 million veteran's minimum contract with the Los Angeles Lakers, reuniting him with his former team.",
33,situatedqa,,who did dwight howard play for last year as of 2020,Los Angeles Laker,2019,"On August 26, 2019, Howard signed a $2.6 million veteran's minimum contract with the Los Angeles Lakers, reuniting him with his former team. He was replacing DeMarcus Cousins, a free agent signed earlier in the offseason who was lost for the year after suffering a knee injury. ","When did Dwight Howard play for Los Angeles Lakers?
",0,,,2012 | 2013 | 2012-2013 | 2012–2013,"On August 10, 2012, Howard was traded from Orlando to the Los Angeles Lakers in a deal that also involved the Philadelphia 76ers and the Denver Nuggets",
34,situatedqa,,who did dwight howard play for last year as of 2020,Los Angeles Laker,2019,"On August 26, 2019, Howard signed a $2.6 million veteran's minimum contract with the Los Angeles Lakers, reuniting him with his former team. He was replacing DeMarcus Cousins, a free agent signed earlier in the offseason who was lost for the year after suffering a knee injury. ","When did Dwight Howard play for Los Angeles Lakers between 2000 and 2013?
",1,between,short,2012 | 2013 | 2012-2013 | 2012–2013,"On August 10, 2012, Howard was traded from Orlando to the Los Angeles Lakers in a deal that also involved the Philadelphia 76ers and the Denver Nuggets",
35,situatedqa,,who did dwight howard play for last year as of 2020,Los Angeles Laker,2019,"On August 26, 2019, Howard signed a $2.6 million veteran's minimum contract with the Los Angeles Lakers, reuniting him with his former team. He was replacing DeMarcus Cousins, a free agent signed earlier in the offseason who was lost for the year after suffering a knee injury. ","When did Dwight Howard play for Los Angeles Lakers between 2000 and 2017?
",0,between,short,2012 | 2013 | 2012-2013 | 2012–2013,"On August 10, 2012, Howard was traded from Orlando to the Los Angeles Lakers in a deal that also involved the Philadelphia 76ers and the Denver Nuggets",
36,situatedqa,,who did dwight howard play for last year as of 2020,Los Angeles Laker,2019,"On August 26, 2019, Howard signed a $2.6 million veteran's minimum contract with the Los Angeles Lakers, reuniting him with his former team. He was replacing DeMarcus Cousins, a free agent signed earlier in the offseason who was lost for the year after suffering a knee injury. ","When did Dwight Howard play for the Lakers between 2004 and July 12, 2016?
",0,between,long,2012 | 2013 | 2012-2013 | 2012–2013,"On August 10, 2012, Howard was traded from Orlando to the Los Angeles Lakers in a deal that also involved the Philadelphia 76ers and the Denver Nuggets",
37,situatedqa,,who did dwight howard play for last year as of 2020,Los Angeles Laker,2019,"On August 26, 2019, Howard signed a $2.6 million veteran's minimum contract with the Los Angeles Lakers, reuniting him with his former team. He was replacing DeMarcus Cousins, a free agent signed earlier in the offseason who was lost for the year after suffering a knee injury. ",When was the first time Dwight Howard play for the Lakers before July 2018?,0,before,long,2012 | 2013 | 2012-2013 | 2012–2013,"On August 10, 2012, Howard was traded from Orlando to the Los Angeles Lakers in a deal that also involved the Philadelphia 76ers and the Denver Nuggets",
38,situatedqa,,who did dwight howard play for last year as of 2020,Los Angeles Laker,2019,"On August 26, 2019, Howard signed a $2.6 million veteran's minimum contract with the Los Angeles Lakers, reuniting him with his former team. He was replacing DeMarcus Cousins, a free agent signed earlier in the offseason who was lost for the year after suffering a knee injury. ",When was the first time Dwight Howard play for the Lakers as of 2020?,0,as of,short,2012 | 2013 | 2012-2013 | 2012–2013,"On August 10, 2012, Howard was traded from Orlando to the Los Angeles Lakers in a deal that also involved the Philadelphia 76ers and the Denver Nuggets",
39,situatedqa,,who did dwight howard play for last year as of 2020,Los Angeles Laker,2019,"On August 26, 2019, Howard signed a $2.6 million veteran's minimum contract with the Los Angeles Lakers, reuniting him with his former team. He was replacing DeMarcus Cousins, a free agent signed earlier in the offseason who was lost for the year after suffering a knee injury. ",When was the first time Dwight Howard play for the Lakers since 2008?,0,since,short,2012 | 2013 | 2012-2013 | 2012–2013,"On August 10, 2012, Howard was traded from Orlando to the Los Angeles Lakers in a deal that also involved the Philadelphia 76ers and the Denver Nuggets",
40,situatedqa,,who did dwight howard play for last year as of 2020,Los Angeles Laker,2019,"On August 26, 2019, Howard signed a $2.6 million veteran's minimum contract with the Los Angeles Lakers, reuniting him with his former team. He was replacing DeMarcus Cousins, a free agent signed earlier in the offseason who was lost for the year after suffering a knee injury. ",When was the last time did Dwight Howard play for the Lakers until March 2019?,0,until,long,2012 | 2013 | 2012-2013 | 2012–2013,"On August 10, 2012, Howard was traded from Orlando to the Los Angeles Lakers in a deal that also involved the Philadelphia 76ers and the Denver Nuggets",
41,situatedqa,,who did dwight howard play for last year as of 2020,Los Angeles Laker,2019,"On August 26, 2019, Howard signed a $2.6 million veteran's minimum contract with the Los Angeles Lakers, reuniting him with his former team. He was replacing DeMarcus Cousins, a free agent signed earlier in the offseason who was lost for the year after suffering a knee injury. ",When was the time Dwight Howard play for the Lakers?,0,,,2019 | 2020 | 2019-2020 | 2019–2020,"On August 26, 2019, Howard signed a $2.6 million veteran's minimum contract with the Los Angeles Lakers, reuniting him with his former team. ",
42,situatedqa,,who did dwight howard play for last year as of 2020,Los Angeles Laker,2019,"On August 26, 2019, Howard signed a $2.6 million veteran's minimum contract with the Los Angeles Lakers, reuniting him with his former team. He was replacing DeMarcus Cousins, a free agent signed earlier in the offseason who was lost for the year after suffering a knee injury. ",When was the earliest time Dwight Howard play for the Lakers since 2019?,1,since,short,2019 | 2020 | 2019-2020 | 2019–2020,"On August 26, 2019, Howard signed a $2.6 million veteran's minimum contract with the Los Angeles Lakers, reuniting him with his former team. ",
43,situatedqa,,who did dwight howard play for last year as of 2020,Los Angeles Laker,2019,"On August 26, 2019, Howard signed a $2.6 million veteran's minimum contract with the Los Angeles Lakers, reuniting him with his former team. He was replacing DeMarcus Cousins, a free agent signed earlier in the offseason who was lost for the year after suffering a knee injury. ","When was the earliest time Dwight Howard play for the Lakers after August 10, 2014?",0,after,long,2019 | 2020 | 2019-2020 | 2019–2020,"On August 26, 2019, Howard signed a $2.6 million veteran's minimum contract with the Los Angeles Lakers, reuniting him with his former team. ",
44,situatedqa,,who did dwight howard play for last year as of 2020,Los Angeles Laker,2019,"On August 26, 2019, Howard signed a $2.6 million veteran's minimum contract with the Los Angeles Lakers, reuniting him with his former team. He was replacing DeMarcus Cousins, a free agent signed earlier in the offseason who was lost for the year after suffering a knee injury. ",When was the earliest time Dwight Howard play for the Lakers after 2016?,0,after,short,2019 | 2020 | 2019-2020 | 2019–2020,"On August 26, 2019, Howard signed a $2.6 million veteran's minimum contract with the Los Angeles Lakers, reuniting him with his former team. ",
45,situatedqa,,"when does ellen's new game show start as of October 06, 2020","October 6, 2020","October 6, 2020","On February 18, 2020, DeGeneres announced on The Ellen DeGeneres Show that the series was renewed for a fourth season, which began airing on October 6, 2020.
",When does Ellen's game show start?,0,,,"October 6, 2020","On February 18, 2020, DeGeneres announced on The Ellen DeGeneres Show that the series was renewed for a fourth season, which began airing on October 6, 2020.",
46,situatedqa,,"when does ellen's new game show start as of October 06, 2020","October 6, 2020","October 6, 2020","On February 18, 2020, DeGeneres announced on The Ellen DeGeneres Show that the series was renewed for a fourth season, which began airing on October 6, 2020.
","When does Ellen's new game show start as of October 6, 2020?",1,as of,long,"October 6, 2020","On February 18, 2020, DeGeneres announced on The Ellen DeGeneres Show that the series was renewed for a fourth season, which began airing on October 6, 2020.",
47,situatedqa,,"when does ellen's new game show start as of October 06, 2020","October 6, 2020","October 6, 2020","On February 18, 2020, DeGeneres announced on The Ellen DeGeneres Show that the series was renewed for a fourth season, which began airing on October 6, 2020.
","When does Ellen's new game show start as of March 22, 2021?",0,as of,long,"October 6, 2020","On February 18, 2020, DeGeneres announced on The Ellen DeGeneres Show that the series was renewed for a fourth season, which began airing on October 6, 2020.",
48,situatedqa,,"when does ellen's new game show start as of October 06, 2020","October 6, 2020","October 6, 2020","On February 18, 2020, DeGeneres announced on The Ellen DeGeneres Show that the series was renewed for a fourth season, which began airing on October 6, 2020.
",When does Ellen's new game show start as of 2021?,0,as of,short,"October 6, 2020","On February 18, 2020, DeGeneres announced on The Ellen DeGeneres Show that the series was renewed for a fourth season, which began airing on October 6, 2020.",
49,situatedqa,,"when does ellen's new game show start as of October 06, 2020","October 6, 2020","October 6, 2020","On February 18, 2020, DeGeneres announced on The Ellen DeGeneres Show that the series was renewed for a fourth season, which began airing on October 6, 2020.
",When does Ellen's new game show start before 2022?,0,before,short,"October 6, 2020","On February 18, 2020, DeGeneres announced on The Ellen DeGeneres Show that the series was renewed for a fourth season, which began airing on October 6, 2020.",
50,situatedqa,,in what state was the united states center of population gravity located during the period 1790,1790,1790,"For example, in 2010, the mean center was located near Plato, Missouri, in the south-central part of the state, whereas, in 1790, it was in Kent County, Maryland, 47 miles (76 km) east-northeast of the future federal capital, Washington, D.C.",In what state was the United States center of population gravity located?,0,,,"Kent County, Maryland | Kent County | Maryland","For example, in 2010, the mean center was located near Plato, Missouri, in the south-central part of the state, whereas, in 1790, it was in Kent County, Maryland, 47 mi east-northeast of the future federal capital, Washington, D.C.",
51,situatedqa,,in what state was the united states center of population gravity located during the period 1790,1790,1790,"For example, in 2010, the mean center was located near Plato, Missouri, in the south-central part of the state, whereas, in 1790, it was in Kent County, Maryland, 47 miles (76 km) east-northeast of the future federal capital, Washington, D.C.",In what state was the United States center of population gravity located during the period 1790?,1,during,short,"Kent County, Maryland | Kent County | Maryland","For example, in 2010, the mean center was located near Plato, Missouri, in the south-central part of the state, whereas, in 1790, it was in Kent County, Maryland, 47 mi east-northeast of the future federal capital, Washington, D.C.",
52,situatedqa,,in what state was the united states center of population gravity located during the period 1790,1790,1790,"For example, in 2010, the mean center was located near Plato, Missouri, in the south-central part of the state, whereas, in 1790, it was in Kent County, Maryland, 47 miles (76 km) east-northeast of the future federal capital, Washington, D.C.",In what state was the United States center of population gravity located around 1792?,0,around,short,"Kent County, Maryland | Kent County | Maryland","For example, in 2010, the mean center was located near Plato, Missouri, in the south-central part of the state, whereas, in 1790, it was in Kent County, Maryland, 47 mi east-northeast of the future federal capital, Washington, D.C.",
53,situatedqa,,in what state was the united states center of population gravity located during the period 1790,1790,1790,"For example, in 2010, the mean center was located near Plato, Missouri, in the south-central part of the state, whereas, in 1790, it was in Kent County, Maryland, 47 miles (76 km) east-northeast of the future federal capital, Washington, D.C.",In what state was the United States center of population gravity located before the period 1800?,0,before,short,"Kent County, Maryland | Kent County | Maryland","For example, in 2010, the mean center was located near Plato, Missouri, in the south-central part of the state, whereas, in 1790, it was in Kent County, Maryland, 47 mi east-northeast of the future federal capital, Washington, D.C.",
54,situatedqa,,what is the name of governor of maharashtra as of 2014,"August 30, 2014",Chennamaneni Vidyasagar Rao,He was appointed as a governor of Maharashtra on 30 August 2014.,What is the name of the Governor of Maharashtra?,0,,,Chennamaneni Vidyasagar Rao | C. Vidyasagar Rao,He was appointed as a governor of Maharashtra on 30 August 2014.,
55,situatedqa,,what is the name of governor of maharashtra as of 2014,"August 30, 2014",Chennamaneni Vidyasagar Rao,He was appointed as a governor of Maharashtra on 30 August 2014.,"What is the name of the Governor of Maharashtra as of August 30, 2014?",1,as of,long,Chennamaneni Vidyasagar Rao | C. Vidyasagar Rao,He was appointed as a governor of Maharashtra on 30 August 2014.,
56,situatedqa,,what is the name of governor of maharashtra as of 2014,"August 30, 2014",Chennamaneni Vidyasagar Rao,He was appointed as a governor of Maharashtra on 30 August 2014.,"What is the name of the Governor of Maharashtra on 5 September, 2018?",0,on,long,Chennamaneni Vidyasagar Rao | C. Vidyasagar Rao,He was appointed as a governor of Maharashtra on 30 August 2014.,
57,situatedqa,,what is the name of governor of maharashtra as of 2014,"August 30, 2014",Chennamaneni Vidyasagar Rao,He was appointed as a governor of Maharashtra on 30 August 2014.,What is the name of the latest Governor of Maharashtra by 2016?,0,by,short,Chennamaneni Vidyasagar Rao | C. Vidyasagar Rao,He was appointed as a governor of Maharashtra on 30 August 2014.,
58,situatedqa,,what is the name of governor of maharashtra as of 2014,"August 30, 2014",Chennamaneni Vidyasagar Rao,He was appointed as a governor of Maharashtra on 30 August 2014.,"What is the name of the latest Governor of Maharashtra before September 8, 2016?",0,before,long,Chennamaneni Vidyasagar Rao | C. Vidyasagar Rao,He was appointed as a governor of Maharashtra on 30 August 2014.,
59,situatedqa,,who wins america's next top model cycle 20 as of 2021,2013,Jourdan Miller,"Nicole Fox Krista White, Sophie Sumner, Jourdan Miller and India Gants from Cycles 14, 18 the ""British Invasion"", 20 ""Guys & Girls"" and 23 respectively.",Who wins America's Next Top Model Cycle 20?,0,,,Jourdan Miller,"Krista White, Sophie Sumner, Jourdan Miller and India Gants from Cycles 14, 18 the ""British Invasion"", 20 ""Guys & Girls"" and 23 respectively.",
60,situatedqa,,who wins america's next top model cycle 20 as of 2021,2013,Jourdan Miller,"Nicole Fox Krista White, Sophie Sumner, Jourdan Miller and India Gants from Cycles 14, 18 the ""British Invasion"", 20 ""Guys & Girls"" and 23 respectively.",Who wins America's Next Top Model Cycle 20 in 2013?,1,in,short,Jourdan Miller,"Krista White, Sophie Sumner, Jourdan Miller and India Gants from Cycles 14, 18 the ""British Invasion"", 20 ""Guys & Girls"" and 23 respectively.",
61,situatedqa,,who wins america's next top model cycle 20 as of 2021,2013,Jourdan Miller,"Nicole Fox Krista White, Sophie Sumner, Jourdan Miller and India Gants from Cycles 14, 18 the ""British Invasion"", 20 ""Guys & Girls"" and 23 respectively.",Who wins America's Next Top Model Cycle 20 as of 2021?,0,as of,short,Jourdan Miller,"Krista White, Sophie Sumner, Jourdan Miller and India Gants from Cycles 14, 18 the ""British Invasion"", 20 ""Guys & Girls"" and 23 respectively.",
62,situatedqa,,who wins america's next top model cycle 20 as of 2021,2013,Jourdan Miller,"Nicole Fox Krista White, Sophie Sumner, Jourdan Miller and India Gants from Cycles 14, 18 the ""British Invasion"", 20 ""Guys & Girls"" and 23 respectively.","Who wins America's Next Top Model Cycle 20 before December 12, 2016?",0,before,long,Jourdan Miller,"Krista White, Sophie Sumner, Jourdan Miller and India Gants from Cycles 14, 18 the ""British Invasion"", 20 ""Guys & Girls"" and 23 respectively.",
63,situatedqa,,what is the largest bill in american money as of 1934,1934,"$100,000","Only a few museum specimens of these Series 1934 gold certificates survive today. The $100,000 note is the largest denomination of currency ever issued by the United States.",What is the largest bill in American money?,0,,,"$100,000","The $100,000 note is the largest denomination of currency ever issued by the United States. ",
64,situatedqa,,what is the largest bill in american money as of 1934,1934,"$100,000","Only a few museum specimens of these Series 1934 gold certificates survive today. The $100,000 note is the largest denomination of currency ever issued by the United States.",What is the largest bill in American money as of 1934?,1,as of,short,"$100,000","The $100,000 note is the largest denomination of currency ever issued by the United States. ",
65,situatedqa,,what is the largest bill in american money as of 1934,1934,"$100,000","Only a few museum specimens of these Series 1934 gold certificates survive today. The $100,000 note is the largest denomination of currency ever issued by the United States.",What is the largest bill in American money as of 1949?,0,as of,short,"$100,000","The $100,000 note is the largest denomination of currency ever issued by the United States. ",
66,situatedqa,,what is the largest bill in american money as of 1934,1934,"$100,000","Only a few museum specimens of these Series 1934 gold certificates survive today. The $100,000 note is the largest denomination of currency ever issued by the United States.",What is the largest bill in American money before 1952?,0,before,short,"$100,000","The $100,000 note is the largest denomination of currency ever issued by the United States. ",
67,situatedqa,,what is the largest bill in american money as of 1934,1934,"$100,000","Only a few museum specimens of these Series 1934 gold certificates survive today. The $100,000 note is the largest denomination of currency ever issued by the United States.",What is the largest bill in American money?,0,,,"$10,000","Another interesting note is the Series of 1900. Along with the $5,000 and $10,000 of the Series of 1888",
68,situatedqa,,what is the largest bill in american money as of 1934,1934,"$100,000","Only a few museum specimens of these Series 1934 gold certificates survive today. The $100,000 note is the largest denomination of currency ever issued by the United States.",What is the largest bill in American money as of 1900?,1,as of,short,"$10,000","Another interesting note is the Series of 1900. Along with the $5,000 and $10,000 of the Series of 1888",
69,situatedqa,,what is the largest bill in american money as of 1934,1934,"$100,000","Only a few museum specimens of these Series 1934 gold certificates survive today. The $100,000 note is the largest denomination of currency ever issued by the United States.",What is the largest bill in American money as of 1920?,0,as of,short,"$10,000","Another interesting note is the Series of 1900. Along with the $5,000 and $10,000 of the Series of 1888",
70,timeqa,,Which Reserve branch did General Deering serve in from 1971 to 1974?,1971,United States Army Reserve,"Myles Deering enlisted in the United States Army Reserve in October 1971. In 1974, he transferred into the Texas Army National Guard and entered the Officer Candidate School program.",Which component of the army did General Deering serve in?,0,,,United States Army Reserve,Myles Deering enlisted in the United States Army Reserve in October 1971,
71,timeqa,,Which Reserve branch did General Deering serve in from 1971 to 1974?,1971,United States Army Reserve,"Myles Deering enlisted in the United States Army Reserve in October 1971. In 1974, he transferred into the Texas Army National Guard and entered the Officer Candidate School program.",Which component of the army did General Deering serve in from 1971 to 1974?,1,from,short,United States Army Reserve,Myles Deering enlisted in the United States Army Reserve in October 1971,
72,timeqa,,Which Reserve branch did General Deering serve in from 1971 to 1974?,1971,United States Army Reserve,"Myles Deering enlisted in the United States Army Reserve in October 1971. In 1974, he transferred into the Texas Army National Guard and entered the Officer Candidate School program.",Which component of the army did General Deering serve in as of 1972?,0,as of,short,United States Army Reserve,Myles Deering enlisted in the United States Army Reserve in October 1971,
73,timeqa,,Which Reserve branch did General Deering serve in from 1971 to 1974?,1971,United States Army Reserve,"Myles Deering enlisted in the United States Army Reserve in October 1971. In 1974, he transferred into the Texas Army National Guard and entered the Officer Candidate School program.","Which component of the army did General Deering serve in on February 3, 1973?",0,on,long,United States Army Reserve,Myles Deering enlisted in the United States Army Reserve in October 1971,
74,timeqa,,Which Reserve branch did General Deering serve in from 1971 to 1974?,1971,United States Army Reserve,"Myles Deering enlisted in the United States Army Reserve in October 1971. In 1974, he transferred into the Texas Army National Guard and entered the Officer Candidate School program.",Which component of the army did General Deering serve in between 1972 and 1973?,0,between,short,United States Army Reserve,Myles Deering enlisted in the United States Army Reserve in October 1971,
75,timeqa,,Which Reserve branch did General Deering serve in from 1971 to 1974?,1971,United States Army Reserve,"Myles Deering enlisted in the United States Army Reserve in October 1971. In 1974, he transferred into the Texas Army National Guard and entered the Officer Candidate School program.",Which component of the army did General Deering serve in?,0,,,Texas Army National Guard,"In 1974, he transferred into the Texas Army National Guard and entered the Officer Candidate School program.",
76,timeqa,,Which Reserve branch did General Deering serve in from 1971 to 1974?,1971,United States Army Reserve,"Myles Deering enlisted in the United States Army Reserve in October 1971. In 1974, he transferred into the Texas Army National Guard and entered the Officer Candidate School program.",Which component of the army did General Deering serve in 1974?,1,in,short,Texas Army National Guard,"In 1974, he transferred into the Texas Army National Guard and entered the Officer Candidate School program.",
77,timeqa,,Which Reserve branch did General Deering serve in from 1971 to 1974?,1971,United States Army Reserve,"Myles Deering enlisted in the United States Army Reserve in October 1971. In 1974, he transferred into the Texas Army National Guard and entered the Officer Candidate School program.",Which component of the army did General Deering serve in after United States Army Reserve around 1973?,0,around,short,Texas Army National Guard,"In 1974, he transferred into the Texas Army National Guard and entered the Officer Candidate School program.",
78,timeqa,,Which Reserve branch did General Deering serve in from 1971 to 1974?,1971,United States Army Reserve,"Myles Deering enlisted in the United States Army Reserve in October 1971. In 1974, he transferred into the Texas Army National Guard and entered the Officer Candidate School program.",Which component of the army did General Deering serve in as of 1976?,0,as of,short,Texas Army National Guard,"In 1974, he transferred into the Texas Army National Guard and entered the Officer Candidate School program.",
79,timeqa,,Grandmaster Krasenkow became what level trainer in 2012?,2012,FIDE Senior Trainer,He has been a FIDE Senior Trainer since 2012.,Grandmaster Krasenkow was what level trainer?,0,,,FIDE Senior Trainer,He has been a FIDE Senior Trainer since 2012,
80,timeqa,,Grandmaster Krasenkow became what level trainer in 2012?,2012,FIDE Senior Trainer,He has been a FIDE Senior Trainer since 2012.,Grandmaster Krasenkow was what level trainer as of 2012?,1,as of,short,FIDE Senior Trainer,He has been a FIDE Senior Trainer since 2012,
81,timeqa,,Grandmaster Krasenkow became what level trainer in 2012?,2012,FIDE Senior Trainer,He has been a FIDE Senior Trainer since 2012.,"Grandmaster Krasenkow was what level trainer on 14 November, 2013?",0,on,long,FIDE Senior Trainer,He has been a FIDE Senior Trainer since 2012,
82,timeqa,,Grandmaster Krasenkow became what level trainer in 2012?,2012,FIDE Senior Trainer,He has been a FIDE Senior Trainer since 2012.,Grandmaster Krasenkow was what level trainer after 2015?,0,after,short,FIDE Senior Trainer,He has been a FIDE Senior Trainer since 2012,
83,timeqa,,Who owned the Newton D. Baker House in Washington DC in Dec 1986?,1976,Yolande Bebeze Fox,,Who owned the Newton D. Baker House in Washington DC?,0,,,Yolande Bebeze Fox,"In 1976, Yolande Bebeze Fox, the former Miss America 1951, bought the home from Straight",
84,timeqa,,Who owned the Newton D. Baker House in Washington DC in Dec 1986?,1976,Yolande Bebeze Fox,,Who owned the Newton D. Baker House in Washington DC in 1976?,1,in,short,Yolande Bebeze Fox,"In 1976, Yolande Bebeze Fox, the former Miss America 1951, bought the home from Straight",
85,timeqa,,Who owned the Newton D. Baker House in Washington DC in Dec 1986?,1974-2016,Yolande Bebeze Fox,,Who owned the Newton D. Baker House in Washington DC in Dec 1986?,0,in,long,Yolande Bebeze Fox,"In 1976, Yolande Bebeze Fox, the former Miss America 1951, bought the home from Straight",
86,timeqa,,Who owned the Newton D. Baker House in Washington DC before Mar 1811?,1796,George Peter,,Who owned the Newton D. Baker House in Washington DC as of 2000?,0,as of,short,Yolande Bebeze Fox,"In 1976, Yolande Bebeze Fox, the former Miss America 1951, bought the home from Straight",
87,timeqa,,Who owned the Newton D. Baker House in Washington DC before Mar 1811?,1796,George Peter,,Who owned the Newton D. Baker House in Washington DC between 1980 and 1990?,0,between,short,Yolande Bebeze Fox,"In 1976, Yolande Bebeze Fox, the former Miss America 1951, bought the home from Straight",
88,timeqa,/wiki/Oliver_Bulleid#P108#0,Oliver Bulleid was an employee for whom in Oct 1905?,1901,Great Northern Railway,"In 1901, after a technical education at Accrington Grammar School, he joined the Great Northern Railway (GNR) at Doncaster at the age of 18, as an apprentice under Henry Ivatt, the Chief Mechanical Engineer (CME).",Oliver Bulleid was an employee for whom?,0,,,Great Northern Railway,"In 1901, after a technical education at Accrington Grammar School, he joined the Great Northern Railway (GNR) at Doncaster at the age of 18, as an apprentice under H. A. Ivatt, the Chief Mechanical Engineer (CME). ",
89,timeqa,/wiki/Oliver_Bulleid#P108#0,Oliver Bulleid was an employee for whom in Oct 1905?,1901,Great Northern Railway,"In 1901, after a technical education at Accrington Grammar School, he joined the Great Northern Railway (GNR) at Doncaster at the age of 18, as an apprentice under Henry Ivatt, the Chief Mechanical Engineer (CME).",Oliver Bulleid was an employee for whom in 1901?,1,in,short,Great Northern Railway,"In 1901, after a technical education at Accrington Grammar School, he joined the Great Northern Railway (GNR) at Doncaster at the age of 18, as an apprentice under H. A. Ivatt, the Chief Mechanical Engineer (CME). ",
90,timeqa,/wiki/Oliver_Bulleid#P108#0,Oliver Bulleid was an employee for whom in Oct 1905?,1901,Great Northern Railway,"In 1901, after a technical education at Accrington Grammar School, he joined the Great Northern Railway (GNR) at Doncaster at the age of 18, as an apprentice under Henry Ivatt, the Chief Mechanical Engineer (CME).",Oliver Bulleid was an employee for whom as of Oct 1905?,0,as of,long,Great Northern Railway,"In 1901, after a technical education at Accrington Grammar School, he joined the Great Northern Railway (GNR) at Doncaster at the age of 18, as an apprentice under H. A. Ivatt, the Chief Mechanical Engineer (CME). ",
91,timeqa,/wiki/Oliver_Bulleid#P108#0,Oliver Bulleid was an employee for whom in Oct 1905?,1901,Great Northern Railway,"In 1901, after a technical education at Accrington Grammar School, he joined the Great Northern Railway (GNR) at Doncaster at the age of 18, as an apprentice under Henry Ivatt, the Chief Mechanical Engineer (CME).",Oliver Bulleid was an employee for whom?,0,,,Westinghouse Electric Corporation,"In 1908, he left to work in Paris with the French division of Westinghouse Electric Corporation as a Test Engineer",
92,timeqa,/wiki/Oliver_Bulleid#P108#1,Oliver Bulleid was an employee for whom in Feb 1908?,1908,Westinghouse Electric Corporation,"In 1908, he left to work in Paris with the French division of Westinghouse Electric Corporation as a Test Engineer, and was soon promoted to Assistant Works Manager and Chief Draughtsman.",Oliver Bulleid was an employee for whom in 1908?,1,in,short,Westinghouse Electric Corporation,"In 1908, he left to work in Paris with the French division of Westinghouse Electric Corporation as a Test Engineer",
93,timeqa,/wiki/Oliver_Bulleid#P108#1,Oliver Bulleid was an employee for whom in Feb 1908?,1908,Westinghouse Electric Corporation,"In 1908, he left to work in Paris with the French division of Westinghouse Electric Corporation as a Test Engineer, and was soon promoted to Assistant Works Manager and Chief Draughtsman.",Oliver Bulleid was an employee for whom when he Marjorie married Ivatt?,0,when,long,Westinghouse Electric Corporation,"In 1908, he left to work in Paris with the French division of Westinghouse Electric Corporation as a Test Engineer",
94,timeqa,/wiki/Oliver_Bulleid#P108#1,Oliver Bulleid was an employee for whom in Feb 1908?,1908,Westinghouse Electric Corporation,"In 1908, he left to work in Paris with the French division of Westinghouse Electric Corporation as a Test Engineer, and was soon promoted to Assistant Works Manager and Chief Draughtsman.","Oliver Bulleid was an employee for whom between May 10, 1909 and March 20, 1910?",0,between,long,Westinghouse Electric Corporation,"In 1908, he left to work in Paris with the French division of Westinghouse Electric Corporation as a Test Engineer",
95,timeqa,/wiki/Open_Knowledge_Foundation#P169#0,Who was the chief executive officer of Open Knowledge Foundation before Apr 2017?,2015-2017,Pavel Richter,Between 2015–2017 Pavel Richter took on the role of CEO of Open Knowledge Foundation.,Who was the chief executive officer of Open Knowledge Foundation?,0,,,Pavel Richter,Pavel Richter took on the role of CEO of Open Knowledge Foundation,
96,timeqa,/wiki/Open_Knowledge_Foundation#P169#0,Who was the chief executive officer of Open Knowledge Foundation before Apr 2017?,2015-2017,Pavel Richter,Between 2015–2017 Pavel Richter took on the role of CEO of Open Knowledge Foundation.,Who was the chief executive officer of Open Knowledge Foundation before April 2017?,1,before,long,Pavel Richter,Pavel Richter took on the role of CEO of Open Knowledge Foundation,
97,timeqa,/wiki/Open_Knowledge_Foundation#P169#0,Who was the chief executive officer of Open Knowledge Foundation before Apr 2017?,2015-2017,Pavel Richter,Between 2015–2017 Pavel Richter took on the role of CEO of Open Knowledge Foundation.,Who was the chief executive officer of Open Knowledge Foundation as of 2016?,0,as of,short,Pavel Richter,Pavel Richter took on the role of CEO of Open Knowledge Foundation,
98,timeqa,/wiki/Kizzmekia_Corbett#P69#0,Where was Kizzmekia Corbett educated in May 2002?,-2004,Orange High School,"In 2004, Corbett graduated from Orange High School in Hillsborough, North Carolina.",Where was Kizzmekia Corbett educated?,0,,,Orange High School,"In 2004, Corbett graduated from Orange High School in Hillsborough, North Carolina.",
99,timeqa,/wiki/Kizzmekia_Corbett#P69#0,Where was Kizzmekia Corbett educated in May 2002?,-2004,Orange High School,"In 2004, Corbett graduated from Orange High School in Hillsborough, North Carolina.",Where was Kizzmekia Corbett educated right before 2004?,0,before,short,Orange High School,"In 2004, Corbett graduated from Orange High School in Hillsborough, North Carolina.",
100,timeqa,/wiki/Kizzmekia_Corbett#P69#0,Where was Kizzmekia Corbett educated in May 2002?,-2004,Orange High School,"In 2004, Corbett graduated from Orange High School in Hillsborough, North Carolina.",Where was Kizzmekia Corbett educated as of May 2002?,0,as of,long,Orange High School,"In 2004, Corbett graduated from Orange High School in Hillsborough, North Carolina.",
101,timeqa,/wiki/Kizzmekia_Corbett#P69#0,Where was Kizzmekia Corbett educated in May 2002?,-2004,Orange High School,"In 2004, Corbett graduated from Orange High School in Hillsborough, North Carolina.",Where was Kizzmekia Corbett educated in between 2002 and 2003?,0,between,short,Orange High School,"In 2004, Corbett graduated from Orange High School in Hillsborough, North Carolina.",
102,timeqa,/wiki/Kizzmekia_Corbett#P69#2,Where was Kizzmekia Corbett educated in Nov 2011?,-2014,UNC-Chapel Hill,She earned a PhD in microbiology and immunology from the University of North Carolina at Chapel Hill (UNC-Chapel Hill) in 2014.,Where was Kizzmekia Corbett educated?,0,,,University of North Carolina at Chapel Hill | UNC-Chapel Hill,She earned a PhD in microbiology and immunology from the University of North Carolina at Chapel Hill (UNC-Chapel Hill) in 2014.,
103,timeqa,/wiki/Kizzmekia_Corbett#P69#2,Where was Kizzmekia Corbett educated in Nov 2011?,-2014,UNC-Chapel Hill,She earned a PhD in microbiology and immunology from the University of North Carolina at Chapel Hill (UNC-Chapel Hill) in 2014.,Where was Kizzmekia Corbett educated in right before 2014?,1,before,short,University of North Carolina at Chapel Hill | UNC-Chapel Hill,She earned a PhD in microbiology and immunology from the University of North Carolina at Chapel Hill (UNC-Chapel Hill) in 2014.,
104,timeqa,/wiki/Kizzmekia_Corbett#P69#2,Where was Kizzmekia Corbett educated in Nov 2011?,-2014,UNC-Chapel Hill,She earned a PhD in microbiology and immunology from the University of North Carolina at Chapel Hill (UNC-Chapel Hill) in 2014.,Where was Kizzmekia Corbett educated in November 2012?,0,in,short,University of North Carolina at Chapel Hill | UNC-Chapel Hill,She earned a PhD in microbiology and immunology from the University of North Carolina at Chapel Hill (UNC-Chapel Hill) in 2014.,
105,timeqa,/wiki/Kizzmekia_Corbett#P69#2,Where was Kizzmekia Corbett educated in Nov 2011?,-2014,UNC-Chapel Hill,She earned a PhD in microbiology and immunology from the University of North Carolina at Chapel Hill (UNC-Chapel Hill) in 2014.,Where was Kizzmekia Corbett educated in from Nov 2012 to Jan 2013?,0,from,long,University of North Carolina at Chapel Hill | UNC-Chapel Hill,She earned a PhD in microbiology and immunology from the University of North Carolina at Chapel Hill (UNC-Chapel Hill) in 2014.,
106,timeqa,/wiki/Pavlos_Polakis#P102#1,Which party was Pavlos Polakis a member of in Jul 2004?,1989,NAP,"Initially, he joined the KNE, from which he left in 1989 after the participation of the KKE in the government of Tzannis Tzannetakis and later joined the NAP.",Which party was Pavlos Polakis a member of?,0,,,NAP,"he joined the KNE, from which he left in 1989 after the participation of the KKE in the government of Tzannis Tzannetakis and later joined the NAP.",
107,timeqa,/wiki/Pavlos_Polakis#P102#1,Which party was Pavlos Polakis a member of in Jul 2004?,1989,NAP,"Initially, he joined the KNE, from which he left in 1989 after the participation of the KKE in the government of Tzannis Tzannetakis and later joined the NAP.",Which party was Pavlos Polakis a member of after 1989?,1,after,short,NAP,"he joined the KNE, from which he left in 1989 after the participation of the KKE in the government of Tzannis Tzannetakis and later joined the NAP.",
108,timeqa,/wiki/Pavlos_Polakis#P102#1,Which party was Pavlos Polakis a member of in Jul 2004?,1989,NAP,"Initially, he joined the KNE, from which he left in 1989 after the participation of the KKE in the government of Tzannis Tzannetakis and later joined the NAP.","Which party was Pavlos Polakis a member of as of 17 July, 2004?",0,as of,long,NAP,"he joined the KNE, from which he left in 1989 after the participation of the KKE in the government of Tzannis Tzannetakis and later joined the NAP.",
109,timeqa,/wiki/Pavlos_Polakis#P102#1,Which party was Pavlos Polakis a member of in Jul 2004?,1989,NAP,"Initially, he joined the KNE, from which he left in 1989 after the participation of the KKE in the government of Tzannis Tzannetakis and later joined the NAP.",Which party was Pavlos Polakis a member of as of 1992?,0,as of,short,NAP,"he joined the KNE, from which he left in 1989 after the participation of the KKE in the government of Tzannis Tzannetakis and later joined the NAP.",
110,timeqa,/wiki/Pavlos_Polakis#P102#1,Which party was Pavlos Polakis a member of in Jul 2004?,1989,NAP,"Initially, he joined the KNE, from which he left in 1989 after the participation of the KKE in the government of Tzannis Tzannetakis and later joined the NAP.",Which party was Pavlos Polakis a member of?,0,,,SYRIZA,"He was elected deputy for Chania with SYRIZA in the elections of January 2015 (when he served as Deputy Minister of Interior and Administrative Reconstruction), September 2015 (when he served as Deputy Minister of Health) and July 2019, when SYRIZA was the opposition party.",
111,timeqa,/wiki/Pavlos_Polakis#P102#2,Which party was Pavlos Polakis a member of after Jul 2012?,2015,SYRIZA,"He was elected deputy for Chania with SYRIZA in the elections of January 2015 (when he served as Deputy Minister of Interior and Administrative Reconstruction), September 2015 (when he served as Deputy Minister of Health) and July 2019, when SYRIZA was the opposition party.",Which party was Pavlos Polakis a member of around 2015?,1,around,short,SYRIZA,"He was elected deputy for Chania with SYRIZA in the elections of January 2015 (when he served as Deputy Minister of Interior and Administrative Reconstruction), September 2015 (when he served as Deputy Minister of Health) and July 2019, when SYRIZA was the opposition party.",
112,timeqa,/wiki/Pavlos_Polakis#P102#2,Which party was Pavlos Polakis a member of after Jul 2012?,2015,SYRIZA,"He was elected deputy for Chania with SYRIZA in the elections of January 2015 (when he served as Deputy Minister of Interior and Administrative Reconstruction), September 2015 (when he served as Deputy Minister of Health) and July 2019, when SYRIZA was the opposition party.",Which party was Pavlos Polakis a member in 2010s?,0,in,short,SYRIZA,"He was elected deputy for Chania with SYRIZA in the elections of January 2015 (when he served as Deputy Minister of Interior and Administrative Reconstruction), September 2015 (when he served as Deputy Minister of Health) and July 2019, when SYRIZA was the opposition party.",
113,timeqa,"/wiki/Klemzig,_South_Australia#P1448#0","What was the official name of Klemzig, South Australia before Jul 1923?",1917,Gaza,"In 1917 Klemzig was renamed Gaza, commemorating the British victory in the Third Battle of Gaza, in which Australian troops had a major role.","What is the official name of Klemzig, South Australia?",0,,,Gaza,"In 1917 Klemzig was renamed Gaza, commemorating the British victory in the Third Battle of Gaza, in which Australian troops had a major role.",
114,timeqa,"/wiki/Klemzig,_South_Australia#P1448#0","What was the official name of Klemzig, South Australia before Jul 1923?",1917,Gaza,"In 1917 Klemzig was renamed Gaza, commemorating the British victory in the Third Battle of Gaza, in which Australian troops had a major role.","What is the official name of Klemzig, South Australia as of 1917?",1,as of,short,Gaza,"In 1917 Klemzig was renamed Gaza, commemorating the British victory in the Third Battle of Gaza, in which Australian troops had a major role.",
115,timeqa,"/wiki/Klemzig,_South_Australia#P1448#0","What was the official name of Klemzig, South Australia before Jul 1923?",1917,Gaza,"In 1917 Klemzig was renamed Gaza, commemorating the British victory in the Third Battle of Gaza, in which Australian troops had a major role.","What is the official name of Klemzig, South Australia in 1920s?",0,in,short,Gaza,"In 1917 Klemzig was renamed Gaza, commemorating the British victory in the Third Battle of Gaza, in which Australian troops had a major role.",
116,timeqa,"/wiki/Klemzig,_South_Australia#P1448#0","What was the official name of Klemzig, South Australia before Jul 1923?",1917,Gaza,"In 1917 Klemzig was renamed Gaza, commemorating the British victory in the Third Battle of Gaza, in which Australian troops had a major role.","What is the official name of Klemzig, South Australia on 12 December 1930?",0,as of,long,Gaza,"In 1917 Klemzig was renamed Gaza, commemorating the British victory in the Third Battle of Gaza, in which Australian troops had a major role.",
117,timeqa,"/wiki/Klemzig,_South_Australia#P1448#0","What was the official name of Klemzig, South Australia before Jul 1923?",1917,Gaza,"In 1917 Klemzig was renamed Gaza, commemorating the British victory in the Third Battle of Gaza, in which Australian troops had a major role.","What is the official name of Klemzig, South Australia?",0,,,Klemzig,Klemzig was re-instated as the suburb name with the enactment of the South Australia Nomenclature Act of 1935 on 12 December 1935,
118,timeqa,"/wiki/Klemzig,_South_Australia#P1448#1","What was the official name of Klemzig, South Australia in Oct 1935?",1935,Klemzig,Klemzig was re-instated as the suburb name with the enactment of the South Australia Nomenclature Act of 1935 on 12 December 1935,"What is the official name of Klemzig, South Australia since 1935?",1,since,short,Klemzig,Klemzig was re-instated as the suburb name with the enactment of the South Australia Nomenclature Act of 1935 on 12 December 1935,
119,timeqa,"/wiki/Klemzig,_South_Australia#P1448#1","What was the official name of Klemzig, South Australia in Oct 1935?",1935,Klemzig,Klemzig was re-instated as the suburb name with the enactment of the South Australia Nomenclature Act of 1935 on 12 December 1935,"What is the official name of Klemzig, South Australia after 1940?",0,after,short,Klemzig,Klemzig was re-instated as the suburb name with the enactment of the South Australia Nomenclature Act of 1935 on 12 December 1935,
120,timeqa,/wiki/Fred_Hoiberg#P6087#1,Fred Hoiberg was the coach of which team in Mar 2018?,"December 3, 2018",Chicago Bulls,"On December 3, 2018, the Bulls fired Hoiberg after a 5–19 start to the 2018–19 season.",Fred Hoiberg was the coach of which team?,0,,,Chicago Bulls | Bulls,"On December 3, 2018, the Bulls fired Hoiberg after a 5–19 start to the 2018–19 season.",
121,timeqa,/wiki/Fred_Hoiberg#P6087#1,Fred Hoiberg was the coach of which team in Mar 2018?,"December 3, 2018",Chicago Bulls,"On December 3, 2018, the Bulls fired Hoiberg after a 5–19 start to the 2018–19 season.","Fred Hoiberg was the coach of which team before December 3, 2018?",1,before,long,Chicago Bulls | Bulls,"On December 3, 2018, the Bulls fired Hoiberg after a 5–19 start to the 2018–19 season.",
122,timeqa,/wiki/Fred_Hoiberg#P6087#1,Fred Hoiberg was the coach of which team in Mar 2018?,"December 3, 2018",Chicago Bulls,"On December 3, 2018, the Bulls fired Hoiberg after a 5–19 start to the 2018–19 season.","Fred Hoiberg was the coach of which team as of March 30, 2017?",0,as of,long,Chicago Bulls | Bulls,"On December 3, 2018, the Bulls fired Hoiberg after a 5–19 start to the 2018–19 season.",
123,timeqa,/wiki/Fred_Hoiberg#P6087#1,Fred Hoiberg was the coach of which team in Mar 2018?,"December 3, 2018",Chicago Bulls,"On December 3, 2018, the Bulls fired Hoiberg after a 5–19 start to the 2018–19 season.",Fred Hoiberg was the coach of which team between 2016 and 2017?,0,between,short,Chicago Bulls | Bulls,"On December 3, 2018, the Bulls fired Hoiberg after a 5–19 start to the 2018–19 season.",
124,timeqa,/wiki/Fred_Hoiberg#P6087#1,Fred Hoiberg was the coach of which team in Mar 2018?,"December 3, 2018",Chicago Bulls,"On December 3, 2018, the Bulls fired Hoiberg after a 5–19 start to the 2018–19 season.",Fred Hoiberg was the coach of which team between 2016 and 2017?,0,between,short,Chicago Bulls | Bulls,"On December 3, 2018, the Bulls fired Hoiberg after a 5–19 start to the 2018–19 season.",
125,timeqa,/wiki/Albuquerque_Dukes#P118#3,Which league did Albuquerque Dukes play for in late 1960s?,1962-1971,Texas League,"In 1962 Kansas City management moved the team to the Double-A Texas League, but dropped the team at the end of the season. ",Which league did Albuquerque Dukes play for?,0,,,Texas League | Double-A Texas League | Double-A minor league,"In 1962 Kansas City management moved the team to the Double-A Texas League, but dropped the team at the end of the season. ",
126,timeqa,/wiki/Albuquerque_Dukes#P118#3,Which league did Albuquerque Dukes play for in late 1960s?,1962-1971,Texas League,"In 1962 Kansas City management moved the team to the Double-A Texas League, but dropped the team at the end of the season. ",Which league did Albuquerque Dukes play for from 1962?,1,from,short,Texas League | Double-A Texas League | Double-A minor league,"In 1962 Kansas City management moved the team to the Double-A Texas League, but dropped the team at the end of the season. ",
127,timeqa,/wiki/Albuquerque_Dukes#P118#3,Which league did Albuquerque Dukes play for in late 1960s?,1962-1971,Texas League,"In 1962 Kansas City management moved the team to the Double-A Texas League, but dropped the team at the end of the season. ",Which league did Albuquerque Dukes play for in late 1960s?,0,in,short,Texas League | Double-A Texas League | Double-A minor league,"In 1962 Kansas City management moved the team to the Double-A Texas League, but dropped the team at the end of the season. ",
128,timeqa,/wiki/Albuquerque_Dukes#P118#3,Which league did Albuquerque Dukes play for in late 1960s?,1962-1971,Texas League,"In 1962 Kansas City management moved the team to the Double-A Texas League, but dropped the team at the end of the season. ",Which league did Albuquerque Dukes play for between 1965 and 1968?,0,between,short,Texas League | Double-A Texas League | Double-A minor league,"In 1962 Kansas City management moved the team to the Double-A Texas League, but dropped the team at the end of the season. ",
129,timeqa,/wiki/Albuquerque_Dukes#P118#3,Which league did Albuquerque Dukes play for in late 1960s?,1962-1971,Texas League,"In 1962 Kansas City management moved the team to the Double-A Texas League, but dropped the team at the end of the season. ",What is the lastest league did Albuquerque Dukes play for before 1969?,0,before,short,Texas League | Double-A Texas League | Double-A minor league,"In 1962 Kansas City management moved the team to the Double-A Texas League, but dropped the team at the end of the season. ",
130,timeqa,/wiki/Albuquerque_Dukes#P118#3,Which league did Albuquerque Dukes play for in late 1960s?,1962-1971,Texas League,"In 1962 Kansas City management moved the team to the Double-A Texas League, but dropped the team at the end of the season. ",Which league did Albuquerque Dukes play for until 1971?,0,until,short,Texas League | Double-A Texas League | Double-A minor league,"In 1962 Kansas City management moved the team to the Double-A Texas League, but dropped the team at the end of the season. ",
131,timeqa,/wiki/Albuquerque_Dukes#P118#4,Which league did Albuquerque Dukes play for between Mar 1976 and Jun 1988?,1972,Pacific Coast League,"In 1972, the Dukes name was revived and the team moved up to the Triple-A Pacific Coast League.",Which league did Albuquerque Dukes play for?,0,,,Pacific Coast League | Triple-A Pacific Coast League,"In 1972, the Dukes name was revived and the team moved up to the Triple-A Pacific Coast League.",
132,timeqa,/wiki/Albuquerque_Dukes#P118#4,Which league did Albuquerque Dukes play for between Mar 1976 and Jun 1988?,1972,Pacific Coast League,"In 1972, the Dukes name was revived and the team moved up to the Triple-A Pacific Coast League.",Which league did Albuquerque Dukes play for since 1972?,1,since,short,Pacific Coast League | Triple-A Pacific Coast League,"In 1972, the Dukes name was revived and the team moved up to the Triple-A Pacific Coast League.",
133,timeqa,/wiki/Albuquerque_Dukes#P118#4,Which league did Albuquerque Dukes play for between Mar 1976 and Jun 1988?,1972,Pacific Coast League,"In 1972, the Dukes name was revived and the team moved up to the Triple-A Pacific Coast League.",Which league did Albuquerque Dukes play for between Mar 1976 and Jun 1988?,0,between,long,Pacific Coast League | Triple-A Pacific Coast League,"In 1972, the Dukes name was revived and the team moved up to the Triple-A Pacific Coast League.",
134,timeqa,/wiki/Albuquerque_Dukes#P118#4,Which league did Albuquerque Dukes play for between Mar 1976 and Jun 1988?,1972,Pacific Coast League,"In 1972, the Dukes name was revived and the team moved up to the Triple-A Pacific Coast League.",Which league did Albuquerque Dukes play for in1980s?,0,in,short,Pacific Coast League | Triple-A Pacific Coast League,"In 1972, the Dukes name was revived and the team moved up to the Triple-A Pacific Coast League.",